frame,time_s,n_points,device_x,device_y,device_z,world_x,world_y,world_z
0,32.5,251,0.28186,-0.148,0.60653,-3.90063,2.84196,-0.23682
1,32.5333,235,0.28969,-0.14287,0.6113,-3.90576,2.84729,-0.24427
2,32.5667,196,0.30094,-0.14259,0.61984,-3.88827,2.84201,-0.26097
3,32.6,211,0.30793,-0.1388,0.61361,-3.89559,2.84806,-0.25752
4,32.6333,121,0.30729,-0.14335,0.6191,-3.89464,2.84243,-0.26184
5,32.6667,123,0.30784,-0.14149,0.60827,-3.88507,2.84563,-0.25657
6,32.7,133,0.31058,-0.14116,0.61651,-3.88572,2.84477,-0.26519
7,32.7333,117,0.30758,-0.13932,0.61706,-3.88239,2.84605,-0.26522
8,32.7667,93,0.30798,-0.13855,0.61664,-3.87352,2.84404,-0.26635
9,32.8,85,0.30947,-0.13486,0.6161,-3.87451,2.84791,-0.26675
10,32.8333,100,0.31049,-0.12866,0.6162,-3.87451,2.85407,-0.26801
11,32.8667,172,0.30862,-0.11606,0.5899,-3.87115,2.86863,-0.24503
12,32.9,184,0.31133,-0.11288,0.59788,-3.87141,2.87063,-0.2538
13,32.9333,177,0.31398,-0.11295,0.60564,-3.87215,2.86948,-0.26189
14,32.9667,178,0.31121,-0.10993,0.60545,-3.8617,2.86266,-0.25938
15,33.0,192,0.31668,-0.10339,0.60641,-3.8658,2.86942,-0.26273
16,33.0333,189,0.31395,-0.10053,0.60603,-3.86287,2.87201,-0.26209
17,33.0667,191,0.31092,-0.09825,0.60814,-3.85657,2.87241,-0.26477
18,33.1,185,0.30999,-0.09844,0.60866,-3.85558,2.87203,-0.265
19,33.1333,173,0.31084,-0.10022,0.60716,-3.857,2.87065,-0.26352
20,33.1667,180,0.31397,-0.10158,0.61014,-3.85687,2.87014,-0.26877
21,33.2,189,0.31582,-0.10306,0.61431,-3.8578,2.86812,-0.27301
22,33.2333,160,0.3103,-0.10187,0.60826,-3.85387,2.86984,-0.26593
23,33.2667,162,0.31059,-0.10117,0.60506,-3.85683,2.87112,-0.26274
24,33.3,163,0.3062,-0.10245,0.60298,-3.85334,2.8698,-0.25937
25,33.3333,170,0.30714,-0.10374,0.60315,-3.85439,2.86861,-0.25959
26,33.3667,188,0.30932,-0.10559,0.60446,-3.85941,2.8691,-0.26072
27,33.4,188,0.30865,-0.1066,0.59688,-3.86078,2.86945,-0.25317
28,33.4333,182,0.30972,-0.109,0.59466,-3.86273,2.86764,-0.25098
29,33.4667,197,0.30405,-0.10881,0.58247,-3.85743,2.8642,-0.2344
30,33.5,229,0.30712,-0.10504,0.57409,-3.86185,2.86986,-0.2279
31,33.5333,205,0.31194,-0.10416,0.57094,-3.8671,2.87187,-0.22638
32,33.5667,233,0.31419,-0.10303,0.57011,-3.87946,2.87395,-0.22051
33,33.6,189,0.3103,-0.10429,0.57203,-3.87549,2.87188,-0.22111
34,33.6333,217,0.31172,-0.10634,0.5717,-3.87727,2.87012,-0.22082
35,33.6667,237,0.30548,-0.10763,0.56857,-3.87624,2.86983,-0.21159
36,33.7,213,0.31031,-0.10634,0.56288,-3.88195,2.87287,-0.20765
37,33.7333,217,0.31482,-0.1086,0.56598,-3.88595,2.87055,-0.21135
38,33.7667,196,0.3102,-0.10963,0.56319,-3.88571,2.87402,-0.20543
39,33.8,187,0.30723,-0.10912,0.5587,-3.88376,2.87512,-0.2005
40,33.8333,167,0.30419,-0.11142,0.55883,-3.88121,2.87249,-0.19944
41,33.8667,187,0.29725,-0.1108,0.55222,-3.87695,2.87581,-0.19044
42,33.9,193,0.29744,-0.11341,0.55932,-3.876,2.87176,-0.19677
43,33.9333,178,0.29343,-0.10996,0.55204,-3.87319,2.87619,-0.18946
44,33.9667,183,0.29667,-0.10942,0.55143,-3.88098,2.88054,-0.18898
45,34.0,175,0.29083,-0.1084,0.54256,-3.87716,2.88271,-0.17926
46,34.0333,165,0.2908,-0.11002,0.54194,-3.87757,2.88128,-0.17836
47,34.0667,182,0.2895,-0.10991,0.53853,-3.88982,2.8874,-0.17253
48,34.1,148,0.28275,-0.11156,0.54052,-3.88329,2.88431,-0.17245
49,34.1333,163,0.29387,-0.11189,0.54353,-3.89336,2.88503,-0.178
50,34.1667,227,0.29414,-0.10858,0.51993,-3.91954,2.90571,-0.15287
51,34.2,301,0.28637,-0.11153,0.51001,-3.91467,2.90377,-0.14104
52,34.2333,264,0.2922,-0.10996,0.50263,-3.92126,2.90806,-0.13565
53,34.2667,284,0.29127,-0.1081,0.49037,-3.94838,2.93059,-0.11965
54,34.3,311,0.29365,-0.10784,0.48662,-3.95117,2.93229,-0.11662
55,34.3333,312,0.29814,-0.10811,0.48566,-3.95565,2.93332,-0.11663
56,34.3667,345,0.30303,-0.10374,0.48305,-3.98306,2.95271,-0.10994
57,34.4,354,0.30763,-0.10213,0.48749,-3.98624,2.95437,-0.11548
58,34.4333,337,0.31754,-0.09697,0.48233,-3.99462,2.9632,-0.11363
59,34.4667,318,0.32756,-0.09284,0.486,-4.01999,2.98237,-0.11736
60,34.5,213,0.33675,-0.08637,0.47959,-4.02702,2.99283,-0.11443
61,34.5333,221,0.33922,-0.08377,0.4811,-4.02819,2.99558,-0.11692
62,34.5667,303,0.33131,-0.08167,0.49165,-4.0304,3.00551,-0.12774
63,34.6,221,0.33742,-0.07817,0.48407,-4.03557,3.01273,-0.12242
64,34.6333,226,0.33808,-0.07933,0.49338,-4.03552,3.00948,-0.13125
65,34.6667,216,0.34051,-0.0783,0.49954,-4.03877,3.01761,-0.14179
66,34.7,167,0.33878,-0.0786,0.50268,-4.03693,3.01591,-0.14437
67,34.7333,191,0.34221,-0.07802,0.49382,-4.04091,3.01994,-0.13672
68,34.7667,172,0.33764,-0.07798,0.49511,-4.03961,3.02285,-0.13812
69,34.8,179,0.33843,-0.0785,0.49799,-4.04018,3.02192,-0.14095
70,34.8333,164,0.33632,-0.07981,0.49901,-4.03867,3.01971,-0.14123
71,34.8667,160,0.33072,-0.07974,0.4924,-4.03604,3.02382,-0.13509
72,34.9,152,0.32911,-0.08038,0.4883,-4.03535,3.02371,-0.13069
73,34.9333,125,0.3262,-0.08876,0.50465,-4.03417,3.01095,-0.14419
74,34.9667,103,0.32533,-0.09243,0.50635,-4.03465,3.00941,-0.14606
75,35.0,93,0.3191,-0.09018,0.48576,-4.03063,3.01433,-0.12538
76,35.0333,88,0.32516,-0.10357,0.53173,-4.03596,2.99296,-0.16832
77,35.0667,84,0.31748,-0.10323,0.52246,-4.03009,2.99349,-0.15732
78,35.1,96,0.3152,-0.1059,0.52513,-4.02881,2.98958,-0.1589
79,35.1333,114,0.31786,-0.10492,0.5298,-4.03023,2.99025,-0.16412
80,35.1667,126,0.31384,-0.10628,0.52235,-4.02706,2.9897,-0.15567
81,35.2,145,0.31019,-0.10399,0.51658,-4.02354,2.99186,-0.14978
82,35.2333,142,0.307,-0.10535,0.51612,-4.02127,2.98959,-0.1484
83,35.2667,180,0.30374,-0.1019,0.51713,-4.01551,2.99088,-0.14913
84,35.3,224,0.30331,-0.10084,0.51543,-4.0149,2.9921,-0.14759
85,35.3333,191,0.3027,-0.09975,0.51265,-4.01426,2.99356,-0.145
86,35.3667,141,0.30419,-0.09871,0.51528,-4.01367,2.99568,-0.14885
87,35.4,162,0.30426,-0.10143,0.51032,-4.01547,2.99453,-0.14362
88,35.4333,154,0.30532,-0.10396,0.51257,-4.01717,2.99209,-0.14554
89,35.4667,161,0.31027,-0.10863,0.51401,-4.02196,2.98835,-0.14709
90,35.5,187,0.31418,-0.11035,0.51235,-4.02642,2.98867,-0.14605
91,35.5333,207,0.31069,-0.11168,0.50004,-4.02541,2.98936,-0.13325
92,35.5667,255,0.31136,-0.11443,0.49196,-4.02443,2.98362,-0.12514
93,35.6,270,0.30712,-0.1158,0.46891,-4.02426,2.98684,-0.10188
94,35.6333,334,0.30486,-0.12116,0.45973,-4.02557,2.98358,-0.0916
95,35.6667,365,0.30539,-0.12527,0.45491,-4.01977,2.97257,-0.08676
96,35.7,411,0.30148,-0.13387,0.45532,-4.01935,2.96336,-0.08465
97,35.7333,514,0.30942,-0.14198,0.47199,-4.02726,2.95435,-0.10088
98,35.7667,518,0.30738,-0.14896,0.49197,-4.00517,2.92347,-0.11664
99,35.8,541,0.30032,-0.16196,0.52701,-3.99732,2.90025,-0.14572
